{
"yes": "Yes",
"no": "No",
"cla_fic": "Classic fiction", 
	"hig_soc": "High society?",
		"rel_int": "Relationship intrigue?",
		"rus_lit": "Russian literature?",
		"im_an_ang": "I'm an anglophile",
	"soc_iss": "Social issues?",
		"do_you_hav_any_clas": "Do you have any class?",
		"rac_in_ame": "Race in America?",
		"pol_all": "Political allegory",
	"adv_tim": "Adventure time?",
		"let_pla_war": "Let's play war",
		"loo_for_som": "Looking for something?",
	"ame": "Americana?",
		"cal": "California",
		"the_sou": "The South",
	"fan": "Fantasy?",
		"abs_mut": "Absurdist mutation",
		"mas_epi": "Massive epic",
		"don_bit_me_bro": "Don't bite me bro",
	"cla_sif": "Classic si-fi?",
		"i_can_wai_for_the_fut": "I can't wait for the future",
		"tim_tra": "Time travel",
		"end_of_the_wor": "End of the world",
	"mag_rea": "Magic realism?",
		"an_ind_pli": "An individual's plight",
		"epi": "Epic",
	"sho_sto": "Short stories?",
		"the_one_and_onl": "The one and only",
	"poe": "Poetry?",
		"ame_cla": "American classic",
		"wor_of_the_you": "Words of the young",
		"con": "Contemporary",

"his_fic": "Historical fiction?",
	"fou_pla": "Foul play",
	"the_pol_sce": "The political scene",
	"fam_tie": "Family ties",
	"god_ble_rel": "God bless religion",
"tha_mys": "That's mysterious",
	"fam": "Family",
	"mur": "Murder",
"vio_you": "Violent youth?",
	"mil_the": "Military therapy",
	"tee_ang": "Teen angst",
	"sch_sho": "School shooting",
	"afg_cas_sys": "Afghan caste system",
	"chi_sol": "Child soldiers",
"dar_fic": "Dark fiction?",
	"mem_of_a_tro_fam": "Memory of a troubled family",
	"gho_in_the_roo": "Ghost in the room",
	"a_fam_in_cap": "A family in captivity",
"sci_fic": "Science fiction?",
	"ali": "Aliens",
	"dar_fut": "Dark futures",
"can_i_hav_dra_wit_my_wor": "Can I have drawings with my words?",
	"com_of_age_as_an_out_in_a_new_lan": "Coming of age as an outsider in a new land",
	"gro_up_und_an_opp_reg": "Growing up under an opressive regime",
	"sur_and_str": "Survival and struggle",
"sho_sto_wo_dra": "Short stories?",
	"spo_on_and_off_the_fie": "Sports, on and off the field",
	"fam_lif": "Family life",
	"fan_sho": "Fantastical",
"som_dif": "Something different?",
	"bea_and_the_bea_in_new_yor": "Beauty and the beast in New York",
	"phi_dog": "Philosophical dog",
	"spo_and_dru": "Sports and drugs",
"the_kid_are_alr": "The kids are alright",
	"tra": "Transformations",
	"tou_sit": "Tough situations"
}